number,step,rank,kind,repair_total_s_max,repair_phase_b_s_max,window_overhead_ms,corrected_window_overhead_ms,iterations
1,1321,14,restart_in_place,27.423,0.061,214423.99999999997,214423.99999999997,"[{""step"": 1321, ""elapsed_ms"": 223827.3, ""overhead_ms"": 213569.69999999998, ""checkpoint_ms_from_prev_iter"": 0.0, ""corrected_overhead_ms"": 213569.69999999998, ""skipped"": 1, ""loss"": null}, {""step"": 1322, ""elapsed_ms"": 10890.6, ""overhead_ms"": 633.0, ""checkpoint_ms_from_prev_iter"": 0.0, ""corrected_overhead_ms"": 633.0, ""skipped"": 0, ""loss"": 3.615646}, {""step"": 1323, ""elapsed_ms"": 10478.9, ""overhead_ms"": 221.29999999999927, ""checkpoint_ms_from_prev_iter"": 0.0, ""corrected_overhead_ms"": 221.29999999999927, ""skipped"": 0, ""loss"": 3.611228}]"
2,1361,3,restart_in_place,0.133,0.133,53225.8,26027.899999999998,"[{""step"": 1361, ""elapsed_ms"": 37455.5, ""overhead_ms"": 27197.9, ""checkpoint_ms_from_prev_iter"": 33534.02, ""corrected_overhead_ms"": 0.0, ""skipped"": 1, ""loss"": null}, {""step"": 1362, ""elapsed_ms"": 36270.2, ""overhead_ms"": 26012.6, ""checkpoint_ms_from_prev_iter"": 0.0, ""corrected_overhead_ms"": 26012.6, ""skipped"": 0, ""loss"": 3.626129}, {""step"": 1363, ""elapsed_ms"": 10272.9, ""overhead_ms"": 15.299999999999272, ""checkpoint_ms_from_prev_iter"": 0.0, ""corrected_overhead_ms"": 15.299999999999272, ""skipped"": 0, ""loss"": 3.536245}]"
3,1401,35,restart_in_place,0.089,0.089,72225.4,40495.37999999999,"[{""step"": 1401, ""elapsed_ms"": 80016.3, ""overhead_ms"": 69758.7, ""checkpoint_ms_from_prev_iter"": 31730.02, ""corrected_overhead_ms"": 38028.67999999999, ""skipped"": 1, ""loss"": null}, {""step"": 1402, ""elapsed_ms"": 12575.8, ""overhead_ms"": 2318.199999999999, ""checkpoint_ms_from_prev_iter"": 0.0, ""corrected_overhead_ms"": 2318.199999999999, ""skipped"": 0, ""loss"": 3.660147}, {""step"": 1403, ""elapsed_ms"": 10406.1, ""overhead_ms"": 148.5, ""checkpoint_ms_from_prev_iter"": 0.0, ""corrected_overhead_ms"": 148.5, ""skipped"": 0, ""loss"": 3.589784}]"
4,1441,31,restart_in_place,0.15,0.149,61099.8,28409.85,"[{""step"": 1441, ""elapsed_ms"": 58460.2, ""overhead_ms"": 48202.6, ""checkpoint_ms_from_prev_iter"": 32689.95, ""corrected_overhead_ms"": 15512.649999999998, ""skipped"": 1, ""loss"": null}, {""step"": 1442, ""elapsed_ms"": 23136.4, ""overhead_ms"": 12878.800000000001, ""checkpoint_ms_from_prev_iter"": 0.0, ""corrected_overhead_ms"": 12878.800000000001, ""skipped"": 0, ""loss"": 3.579877}, {""step"": 1443, ""elapsed_ms"": 10276.0, ""overhead_ms"": 18.399999999999636, ""checkpoint_ms_from_prev_iter"": 0.0, ""corrected_overhead_ms"": 18.399999999999636, ""skipped"": 0, ""loss"": 3.564353}]"
5,1481,28,restart_in_place,0.069,0.069,73155.3,42152.729999999996,"[{""step"": 1481, ""elapsed_ms"": 71407.9, ""overhead_ms"": 61150.299999999996, ""checkpoint_ms_from_prev_iter"": 31002.57, ""corrected_overhead_ms"": 30147.729999999996, ""skipped"": 1, ""loss"": null}, {""step"": 1482, ""elapsed_ms"": 22241.0, ""overhead_ms"": 11983.4, ""checkpoint_ms_from_prev_iter"": 0.0, ""corrected_overhead_ms"": 11983.4, ""skipped"": 0, ""loss"": 3.55303}, {""step"": 1483, ""elapsed_ms"": 10279.2, ""overhead_ms"": 21.600000000000364, ""checkpoint_ms_from_prev_iter"": 0.0, ""corrected_overhead_ms"": 21.600000000000364, ""skipped"": 0, ""loss"": 3.579203}]"
6,1521,17,restart_in_place,0.063,0.062,61199.5,29306.619999999995,"[{""step"": 1521, ""elapsed_ms"": 59696.4, ""overhead_ms"": 49438.8, ""checkpoint_ms_from_prev_iter"": 31892.88, ""corrected_overhead_ms"": 17545.920000000002, ""skipped"": 1, ""loss"": null}, {""step"": 1522, ""elapsed_ms"": 21996.6, ""overhead_ms"": 11738.999999999998, ""checkpoint_ms_from_prev_iter"": 0.0, ""corrected_overhead_ms"": 11738.999999999998, ""skipped"": 0, ""loss"": 3.597172}, {""step"": 1523, ""elapsed_ms"": 10279.3, ""overhead_ms"": 21.69999999999891, ""checkpoint_ms_from_prev_iter"": 0.0, ""corrected_overhead_ms"": 21.69999999999891, ""skipped"": 0, ""loss"": 3.501005}]"
7,1561,13,restart_in_place,0.138,0.137,65690.8,32054.929999999997,"[{""step"": 1561, ""elapsed_ms"": 61175.0, ""overhead_ms"": 50917.4, ""checkpoint_ms_from_prev_iter"": 33635.87, ""corrected_overhead_ms"": 17281.53, ""skipped"": 1, ""loss"": null}, {""step"": 1562, ""elapsed_ms"": 24970.7, ""overhead_ms"": 14713.1, ""checkpoint_ms_from_prev_iter"": 0.0, ""corrected_overhead_ms"": 14713.1, ""skipped"": 0, ""loss"": 3.37793}, {""step"": 1563, ""elapsed_ms"": 10317.9, ""overhead_ms"": 60.29999999999927, ""checkpoint_ms_from_prev_iter"": 0.0, ""corrected_overhead_ms"": 60.29999999999927, ""skipped"": 0, ""loss"": 3.513526}]"
8,1601,11,restart_in_place,0.088,0.087,51250.8,17947.4,"[{""step"": 1601, ""elapsed_ms"": 51138.4, ""overhead_ms"": 40880.8, ""checkpoint_ms_from_prev_iter"": 33303.4, ""corrected_overhead_ms"": 7577.4000000000015, ""skipped"": 1, ""loss"": null}, {""step"": 1602, ""elapsed_ms"": 20605.2, ""overhead_ms"": 10347.6, ""checkpoint_ms_from_prev_iter"": 0.0, ""corrected_overhead_ms"": 10347.6, ""skipped"": 0, ""loss"": 3.506695}, {""step"": 1603, ""elapsed_ms"": 10280.0, ""overhead_ms"": 22.399999999999636, ""checkpoint_ms_from_prev_iter"": 0.0, ""corrected_overhead_ms"": 22.399999999999636, ""skipped"": 0, ""loss"": 3.540301}]"
9,1641,54,restart_in_place,0.091,0.09,63414.7,30797.659999999996,"[{""step"": 1641, ""elapsed_ms"": 56071.7, ""overhead_ms"": 45814.1, ""checkpoint_ms_from_prev_iter"": 32617.04, ""corrected_overhead_ms"": 13197.059999999998, ""skipped"": 1, ""loss"": null}, {""step"": 1642, ""elapsed_ms"": 27812.5, ""overhead_ms"": 17554.9, ""checkpoint_ms_from_prev_iter"": 0.0, ""corrected_overhead_ms"": 17554.9, ""skipped"": 0, ""loss"": 3.501432}, {""step"": 1643, ""elapsed_ms"": 10303.3, ""overhead_ms"": 45.69999999999891, ""checkpoint_ms_from_prev_iter"": 0.0, ""corrected_overhead_ms"": 45.69999999999891, ""skipped"": 0, ""loss"": 3.464485}]"
10,1681,4,restart_in_place,0.081,0.081,66362.4,33127.69,"[{""step"": 1681, ""elapsed_ms"": 57942.6, ""overhead_ms"": 47685.0, ""checkpoint_ms_from_prev_iter"": 33234.71, ""corrected_overhead_ms"": 14450.29, ""skipped"": 1, ""loss"": null}, {""step"": 1682, ""elapsed_ms"": 28929.0, ""overhead_ms"": 18671.4, ""checkpoint_ms_from_prev_iter"": 0.0, ""corrected_overhead_ms"": 18671.4, ""skipped"": 0, ""loss"": 3.482231}, {""step"": 1683, ""elapsed_ms"": 10263.6, ""overhead_ms"": 6.0, ""checkpoint_ms_from_prev_iter"": 0.0, ""corrected_overhead_ms"": 6.0, ""skipped"": 0, ""loss"": 3.450947}]"
11,1721,3,restart_in_place,0.135,0.135,32892.40000000001,1781.9000000000015,"[{""step"": 1721, ""elapsed_ms"": 43102.9, ""overhead_ms"": 32845.3, ""checkpoint_ms_from_prev_iter"": 31110.5, ""corrected_overhead_ms"": 1734.800000000003, ""skipped"": 1, ""loss"": null}, {""step"": 1722, ""elapsed_ms"": 10300.4, ""overhead_ms"": 42.79999999999927, ""checkpoint_ms_from_prev_iter"": 0.0, ""corrected_overhead_ms"": 42.79999999999927, ""skipped"": 0, ""loss"": 3.488296}, {""step"": 1723, ""elapsed_ms"": 10261.9, ""overhead_ms"": 4.299999999999272, ""checkpoint_ms_from_prev_iter"": 0.0, ""corrected_overhead_ms"": 4.299999999999272, ""skipped"": 0, ""loss"": 3.445822}]"
12,1761,11,restart_in_place,0.179,0.178,45503.0,24302.1,"[{""step"": 1761, ""elapsed_ms"": 31458.5, ""overhead_ms"": 21200.9, ""checkpoint_ms_from_prev_iter"": 33457.52, ""corrected_overhead_ms"": 0.0, ""skipped"": 1, ""loss"": null}, {""step"": 1762, ""elapsed_ms"": 34538.5, ""overhead_ms"": 24280.9, ""checkpoint_ms_from_prev_iter"": 0.0, ""corrected_overhead_ms"": 24280.9, ""skipped"": 0, ""loss"": 3.38069}, {""step"": 1763, ""elapsed_ms"": 10278.8, ""overhead_ms"": 21.19999999999891, ""checkpoint_ms_from_prev_iter"": 0.0, ""corrected_overhead_ms"": 21.19999999999891, ""skipped"": 0, ""loss"": 3.484076}]"
13,1801,27,restart_in_place,0.097,0.096,58883.4,25653.880000000005,"[{""step"": 1801, ""elapsed_ms"": 56790.1, ""overhead_ms"": 46532.5, ""checkpoint_ms_from_prev_iter"": 33229.52, ""corrected_overhead_ms"": 13302.980000000003, ""skipped"": 1, ""loss"": null}, {""step"": 1802, ""elapsed_ms"": 22564.0, ""overhead_ms"": 12306.4, ""checkpoint_ms_from_prev_iter"": 0.0, ""corrected_overhead_ms"": 12306.4, ""skipped"": 0, ""loss"": 3.292772}, {""step"": 1803, ""elapsed_ms"": 10302.1, ""overhead_ms"": 44.5, ""checkpoint_ms_from_prev_iter"": 0.0, ""corrected_overhead_ms"": 44.5, ""skipped"": 0, ""loss"": 3.444842}]"
14,1841,29,restart_in_place,0.106,0.105,73679.3,41072.64,"[{""step"": 1841, ""elapsed_ms"": 63372.1, ""overhead_ms"": 53114.5, ""checkpoint_ms_from_prev_iter"": 32606.66, ""corrected_overhead_ms"": 20507.84, ""skipped"": 1, ""loss"": null}, {""step"": 1842, ""elapsed_ms"": 30799.1, ""overhead_ms"": 20541.5, ""checkpoint_ms_from_prev_iter"": 0.0, ""corrected_overhead_ms"": 20541.5, ""skipped"": 0, ""loss"": 3.353609}, {""step"": 1843, ""elapsed_ms"": 10280.9, ""overhead_ms"": 23.299999999999272, ""checkpoint_ms_from_prev_iter"": 0.0, ""corrected_overhead_ms"": 23.299999999999272, ""skipped"": 0, ""loss"": 3.463248}]"
15,1881,3,restart_in_place,0.086,0.086,43268.299999999996,9671.319999999996,"[{""step"": 1881, ""elapsed_ms"": 53392.1, ""overhead_ms"": 43134.5, ""checkpoint_ms_from_prev_iter"": 33596.98, ""corrected_overhead_ms"": 9537.519999999997, ""skipped"": 1, ""loss"": null}, {""step"": 1882, ""elapsed_ms"": 10377.3, ""overhead_ms"": 119.69999999999891, ""checkpoint_ms_from_prev_iter"": 0.0, ""corrected_overhead_ms"": 119.69999999999891, ""skipped"": 0, ""loss"": 3.364537}, {""step"": 1883, ""elapsed_ms"": 10271.7, ""overhead_ms"": 14.100000000000364, ""checkpoint_ms_from_prev_iter"": 0.0, ""corrected_overhead_ms"": 14.100000000000364, ""skipped"": 0, ""loss"": 3.369007}]"
16,1921,25,restart_in_place,0.141,0.14,84248.3,50917.29999999999,"[{""step"": 1921, ""elapsed_ms"": 78497.7, ""overhead_ms"": 68240.09999999999, ""checkpoint_ms_from_prev_iter"": 33331.0, ""corrected_overhead_ms"": 34909.09999999999, ""skipped"": 1, ""loss"": null}, {""step"": 1922, ""elapsed_ms"": 26233.7, ""overhead_ms"": 15976.1, ""checkpoint_ms_from_prev_iter"": 0.0, ""corrected_overhead_ms"": 15976.1, ""skipped"": 0, ""loss"": 3.374995}, {""step"": 1923, ""elapsed_ms"": 10289.7, ""overhead_ms"": 32.100000000000364, ""checkpoint_ms_from_prev_iter"": 0.0, ""corrected_overhead_ms"": 32.100000000000364, ""skipped"": 0, ""loss"": 3.437835}]"
17,1961,53,restart_in_place,0.089,0.089,68929.59999999999,37643.91,"[{""step"": 1961, ""elapsed_ms"": 68521.5, ""overhead_ms"": 58263.9, ""checkpoint_ms_from_prev_iter"": 31285.69, ""corrected_overhead_ms"": 26978.210000000003, ""skipped"": 1, ""loss"": null}, {""step"": 1962, ""elapsed_ms"": 20911.9, ""overhead_ms"": 10654.300000000001, ""checkpoint_ms_from_prev_iter"": 0.0, ""corrected_overhead_ms"": 10654.300000000001, ""skipped"": 0, ""loss"": 3.375637}, {""step"": 1963, ""elapsed_ms"": 10269.0, ""overhead_ms"": 11.399999999999636, ""checkpoint_ms_from_prev_iter"": 0.0, ""corrected_overhead_ms"": 11.399999999999636, ""skipped"": 0, ""loss"": 3.315785}]"
18,2001,28,restart_in_place,0.273,0.272,47041.399999999994,15698.109999999997,"[{""step"": 2001, ""elapsed_ms"": 57266.2, ""overhead_ms"": 47008.6, ""checkpoint_ms_from_prev_iter"": 31343.29, ""corrected_overhead_ms"": 15665.309999999998, ""skipped"": 1, ""loss"": null}, {""step"": 2002, ""elapsed_ms"": 10281.2, ""overhead_ms"": 23.600000000000364, ""checkpoint_ms_from_prev_iter"": 0.0, ""corrected_overhead_ms"": 23.600000000000364, ""skipped"": 0, ""loss"": 3.409953}, {""step"": 2003, ""elapsed_ms"": 10266.8, ""overhead_ms"": 9.199999999998909, ""checkpoint_ms_from_prev_iter"": 0.0, ""corrected_overhead_ms"": 9.199999999998909, ""skipped"": 0, ""loss"": 3.418603}]"
19,2041,57,restart_in_place,28.184,28.184,65577.9,32555.27999999999,"[{""step"": 2041, ""elapsed_ms"": 71649.9, ""overhead_ms"": 61392.299999999996, ""checkpoint_ms_from_prev_iter"": 33022.62, ""corrected_overhead_ms"": 28369.679999999993, ""skipped"": 1, ""loss"": null}, {""step"": 2042, ""elapsed_ms"": 14425.3, ""overhead_ms"": 4167.699999999999, ""checkpoint_ms_from_prev_iter"": 0.0, ""corrected_overhead_ms"": 4167.699999999999, ""skipped"": 0, ""loss"": 3.410269}, {""step"": 2043, ""elapsed_ms"": 10275.5, ""overhead_ms"": 17.899999999999636, ""checkpoint_ms_from_prev_iter"": 0.0, ""corrected_overhead_ms"": 17.899999999999636, ""skipped"": 0, ""loss"": 3.334899}]"
20,2081,35,restart_in_place,0.171,0.17,21392.1,11.700000000000728,"[{""step"": 2081, ""elapsed_ms"": 31638.0, ""overhead_ms"": 21380.4, ""checkpoint_ms_from_prev_iter"": 33019.22, ""corrected_overhead_ms"": 0.0, ""skipped"": 1, ""loss"": null}, {""step"": 2082, ""elapsed_ms"": 10267.7, ""overhead_ms"": 10.100000000000364, ""checkpoint_ms_from_prev_iter"": 0.0, ""corrected_overhead_ms"": 10.100000000000364, ""skipped"": 0, ""loss"": 3.320762}, {""step"": 2083, ""elapsed_ms"": 10259.2, ""overhead_ms"": 1.6000000000003638, ""checkpoint_ms_from_prev_iter"": 0.0, ""corrected_overhead_ms"": 1.6000000000003638, ""skipped"": 0, ""loss"": 3.425067}]"
21,2121,0,restart_in_place,0.08,0.08,62714.4,28433.260000000002,"[{""step"": 2121, ""elapsed_ms"": 55044.3, ""overhead_ms"": 44786.700000000004, ""checkpoint_ms_from_prev_iter"": 34281.14, ""corrected_overhead_ms"": 10505.560000000005, ""skipped"": 1, ""loss"": null}, {""step"": 2122, ""elapsed_ms"": 28166.7, ""overhead_ms"": 17909.1, ""checkpoint_ms_from_prev_iter"": 0.0, ""corrected_overhead_ms"": 17909.1, ""skipped"": 0, ""loss"": 3.339373}, {""step"": 2123, ""elapsed_ms"": 10276.2, ""overhead_ms"": 18.600000000000364, ""checkpoint_ms_from_prev_iter"": 0.0, ""corrected_overhead_ms"": 18.600000000000364, ""skipped"": 0, ""loss"": 3.400116}]"
22,2161,20,restart_in_place,0.173,0.173,64124.600000000006,31449.350000000006,"[{""step"": 2161, ""elapsed_ms"": 62095.3, ""overhead_ms"": 51837.700000000004, ""checkpoint_ms_from_prev_iter"": 32675.25, ""corrected_overhead_ms"": 19162.450000000004, ""skipped"": 1, ""loss"": null}, {""step"": 2162, ""elapsed_ms"": 22533.4, ""overhead_ms"": 12275.800000000001, ""checkpoint_ms_from_prev_iter"": 0.0, ""corrected_overhead_ms"": 12275.800000000001, ""skipped"": 0, ""loss"": 3.371876}, {""step"": 2163, ""elapsed_ms"": 10268.7, ""overhead_ms"": 11.100000000000364, ""checkpoint_ms_from_prev_iter"": 0.0, ""corrected_overhead_ms"": 11.100000000000364, ""skipped"": 0, ""loss"": 3.347287}]"
23,2201,54,restart_in_place,0.116,0.115,21773.800000000003,0.0,"[{""step"": 2201, ""elapsed_ms"": 32031.4, ""overhead_ms"": 21773.800000000003, ""checkpoint_ms_from_prev_iter"": 32884.64, ""corrected_overhead_ms"": 0.0, ""skipped"": 1, ""loss"": null}, {""step"": 2202, ""elapsed_ms"": 10240.0, ""overhead_ms"": 0.0, ""checkpoint_ms_from_prev_iter"": 0.0, ""corrected_overhead_ms"": 0.0, ""skipped"": 0, ""loss"": 3.349708}, {""step"": 2203, ""elapsed_ms"": 10236.1, ""overhead_ms"": 0.0, ""checkpoint_ms_from_prev_iter"": 0.0, ""corrected_overhead_ms"": 0.0, ""skipped"": 0, ""loss"": 3.414776}]"
24,2241,43,restart_in_place,0.145,0.145,71350.5,39858.43,"[{""step"": 2241, ""elapsed_ms"": 78944.1, ""overhead_ms"": 68686.5, ""checkpoint_ms_from_prev_iter"": 31492.07, ""corrected_overhead_ms"": 37194.43, ""skipped"": 1, ""loss"": null}, {""step"": 2242, ""elapsed_ms"": 12921.6, ""overhead_ms"": 2664.0, ""checkpoint_ms_from_prev_iter"": 0.0, ""corrected_overhead_ms"": 2664.0, ""skipped"": 0, ""loss"": 3.288809}, {""step"": 2243, ""elapsed_ms"": 10247.5, ""overhead_ms"": 0.0, ""checkpoint_ms_from_prev_iter"": 0.0, ""corrected_overhead_ms"": 0.0, ""skipped"": 0, ""loss"": 3.350914}]"
25,2281,35,restart_in_place,0.114,0.114,23533.4,26.69999999999891,"[{""step"": 2281, ""elapsed_ms"": 33764.3, ""overhead_ms"": 23506.700000000004, ""checkpoint_ms_from_prev_iter"": 32741.86, ""corrected_overhead_ms"": 0.0, ""skipped"": 1, ""loss"": null}, {""step"": 2282, ""elapsed_ms"": 10275.6, ""overhead_ms"": 18.0, ""checkpoint_ms_from_prev_iter"": 0.0, ""corrected_overhead_ms"": 18.0, ""skipped"": 0, ""loss"": 3.342123}, {""step"": 2283, ""elapsed_ms"": 10266.3, ""overhead_ms"": 8.699999999998909, ""checkpoint_ms_from_prev_iter"": 0.0, ""corrected_overhead_ms"": 8.699999999998909, ""skipped"": 0, ""loss"": 3.227529}]"
26,2321,19,restart_in_place,0.136,0.136,62911.4,31115.129999999997,"[{""step"": 2321, ""elapsed_ms"": 58564.6, ""overhead_ms"": 48307.0, ""checkpoint_ms_from_prev_iter"": 31796.27, ""corrected_overhead_ms"": 16510.73, ""skipped"": 1, ""loss"": null}, {""step"": 2322, ""elapsed_ms"": 24862.0, ""overhead_ms"": 14604.4, ""checkpoint_ms_from_prev_iter"": 0.0, ""corrected_overhead_ms"": 14604.4, ""skipped"": 0, ""loss"": 3.34068}, {""step"": 2323, ""elapsed_ms"": 10254.3, ""overhead_ms"": 0.0, ""checkpoint_ms_from_prev_iter"": 0.0, ""corrected_overhead_ms"": 0.0, ""skipped"": 0, ""loss"": 3.30703}]"
27,2361,27,restart_in_place,0.093,0.093,36163.8,3446.2900000000063,"[{""step"": 2361, ""elapsed_ms"": 46285.3, ""overhead_ms"": 36027.700000000004, ""checkpoint_ms_from_prev_iter"": 32717.51, ""corrected_overhead_ms"": 3310.190000000006, ""skipped"": 1, ""loss"": null}, {""step"": 2362, ""elapsed_ms"": 10389.7, ""overhead_ms"": 132.10000000000036, ""checkpoint_ms_from_prev_iter"": 0.0, ""corrected_overhead_ms"": 132.10000000000036, ""skipped"": 0, ""loss"": 3.298831}, {""step"": 2363, ""elapsed_ms"": 10261.6, ""overhead_ms"": 4.0, ""checkpoint_ms_from_prev_iter"": 0.0, ""corrected_overhead_ms"": 4.0, ""skipped"": 0, ""loss"": 3.368131}]"
28,2401,43,restart_in_place,0.108,0.108,41172.1,7975.610000000001,"[{""step"": 2401, ""elapsed_ms"": 50447.1, ""overhead_ms"": 40189.5, ""checkpoint_ms_from_prev_iter"": 33196.49, ""corrected_overhead_ms"": 6993.010000000002, ""skipped"": 1, ""loss"": null}, {""step"": 2402, ""elapsed_ms"": 10267.8, ""overhead_ms"": 10.199999999998909, ""checkpoint_ms_from_prev_iter"": 0.0, ""corrected_overhead_ms"": 10.199999999998909, ""skipped"": 0, ""loss"": 3.289047}, {""step"": 2403, ""elapsed_ms"": 11230.0, ""overhead_ms"": 972.3999999999996, ""checkpoint_ms_from_prev_iter"": 0.0, ""corrected_overhead_ms"": 972.3999999999996, ""skipped"": 0, ""loss"": 3.253209}]"
29,2441,13,restart_in_place,0.168,0.167,39338.0,6005.680000000002,"[{""step"": 2441, ""elapsed_ms"": 49593.4, ""overhead_ms"": 39335.8, ""checkpoint_ms_from_prev_iter"": 33332.32, ""corrected_overhead_ms"": 6003.480000000003, ""skipped"": 1, ""loss"": null}, {""step"": 2442, ""elapsed_ms"": 10253.5, ""overhead_ms"": 0.0, ""checkpoint_ms_from_prev_iter"": 0.0, ""corrected_overhead_ms"": 0.0, ""skipped"": 0, ""loss"": 3.326554}, {""step"": 2443, ""elapsed_ms"": 10259.8, ""overhead_ms"": 2.1999999999989086, ""checkpoint_ms_from_prev_iter"": 0.0, ""corrected_overhead_ms"": 2.1999999999989086, ""skipped"": 0, ""loss"": 3.311359}]"
30,2481,11,restart_in_place,0.112,0.112,41510.4,15127.199999999999,"[{""step"": 2481, ""elapsed_ms"": 36640.8, ""overhead_ms"": 26383.200000000004, ""checkpoint_ms_from_prev_iter"": 33604.31, ""corrected_overhead_ms"": 0.0, ""skipped"": 1, ""loss"": null}, {""step"": 2482, ""elapsed_ms"": 25384.8, ""overhead_ms"": 15127.199999999999, ""checkpoint_ms_from_prev_iter"": 0.0, ""corrected_overhead_ms"": 15127.199999999999, ""skipped"": 0, ""loss"": 3.309833}, {""step"": 2483, ""elapsed_ms"": 10242.7, ""overhead_ms"": 0.0, ""checkpoint_ms_from_prev_iter"": 0.0, ""corrected_overhead_ms"": 0.0, ""skipped"": 0, ""loss"": 3.27265}]"
31,2521,48,restart_in_place,0.286,0.286,70047.59999999999,39034.92,"[{""step"": 2521, ""elapsed_ms"": 68920.4, ""overhead_ms"": 58662.799999999996, ""checkpoint_ms_from_prev_iter"": 31012.68, ""corrected_overhead_ms"": 27650.119999999995, ""skipped"": 1, ""loss"": null}, {""step"": 2522, ""elapsed_ms"": 21642.4, ""overhead_ms"": 11384.800000000001, ""checkpoint_ms_from_prev_iter"": 0.0, ""corrected_overhead_ms"": 11384.800000000001, ""skipped"": 0, ""loss"": 3.381354}, {""step"": 2523, ""elapsed_ms"": 10251.4, ""overhead_ms"": 0.0, ""checkpoint_ms_from_prev_iter"": 0.0, ""corrected_overhead_ms"": 0.0, ""skipped"": 0, ""loss"": 3.260506}]"
32,2561,12,restart_in_place,0.289,0.289,80437.5,48327.619999999995,"[{""step"": 2561, ""elapsed_ms"": 74384.4, ""overhead_ms"": 64126.799999999996, ""checkpoint_ms_from_prev_iter"": 32109.88, ""corrected_overhead_ms"": 32016.919999999995, ""skipped"": 1, ""loss"": null}, {""step"": 2562, ""elapsed_ms"": 26568.3, ""overhead_ms"": 16310.699999999999, ""checkpoint_ms_from_prev_iter"": 0.0, ""corrected_overhead_ms"": 16310.699999999999, ""skipped"": 0, ""loss"": 3.323622}, {""step"": 2563, ""elapsed_ms"": 10240.5, ""overhead_ms"": 0.0, ""checkpoint_ms_from_prev_iter"": 0.0, ""corrected_overhead_ms"": 0.0, ""skipped"": 0, ""loss"": 3.211605}]"
33,2601,45,restart_in_place,0.197,0.196,100031.29999999999,67563.26999999999,"[{""step"": 2601, ""elapsed_ms"": 87357.5, ""overhead_ms"": 77099.9, ""checkpoint_ms_from_prev_iter"": 32468.03, ""corrected_overhead_ms"": 44631.869999999995, ""skipped"": 1, ""loss"": null}, {""step"": 2602, ""elapsed_ms"": 33177.6, ""overhead_ms"": 22920.0, ""checkpoint_ms_from_prev_iter"": 0.0, ""corrected_overhead_ms"": 22920.0, ""skipped"": 0, ""loss"": 3.320035}, {""step"": 2603, ""elapsed_ms"": 10269.0, ""overhead_ms"": 11.399999999999636, ""checkpoint_ms_from_prev_iter"": 0.0, ""corrected_overhead_ms"": 11.399999999999636, ""skipped"": 0, ""loss"": 3.246872}]"
34,2641,44,restart_in_place,0.321,0.321,79147.29999999999,43551.53999999999,"[{""step"": 2641, ""elapsed_ms"": 70160.9, ""overhead_ms"": 59903.299999999996, ""checkpoint_ms_from_prev_iter"": 35595.76, ""corrected_overhead_ms"": 24307.539999999994, ""skipped"": 1, ""loss"": null}, {""step"": 2642, ""elapsed_ms"": 29484.2, ""overhead_ms"": 19226.6, ""checkpoint_ms_from_prev_iter"": 0.0, ""corrected_overhead_ms"": 19226.6, ""skipped"": 0, ""loss"": 3.26834}, {""step"": 2643, ""elapsed_ms"": 10275.0, ""overhead_ms"": 17.399999999999636, ""checkpoint_ms_from_prev_iter"": 0.0, ""corrected_overhead_ms"": 17.399999999999636, ""skipped"": 0, ""loss"": 3.228872}]"
35,2681,33,restart_in_place,0.183,0.183,80954.1,48579.53999999999,"[{""step"": 2681, ""elapsed_ms"": 77350.0, ""overhead_ms"": 67092.4, ""checkpoint_ms_from_prev_iter"": 32374.56, ""corrected_overhead_ms"": 34717.84, ""skipped"": 1, ""loss"": null}, {""step"": 2682, ""elapsed_ms"": 24109.7, ""overhead_ms"": 13852.1, ""checkpoint_ms_from_prev_iter"": 0.0, ""corrected_overhead_ms"": 13852.1, ""skipped"": 0, ""loss"": 3.252781}, {""step"": 2683, ""elapsed_ms"": 10267.2, ""overhead_ms"": 9.600000000000364, ""checkpoint_ms_from_prev_iter"": 0.0, ""corrected_overhead_ms"": 9.600000000000364, ""skipped"": 0, ""loss"": 3.273038}]"
36,2721,5,restart_in_place,0.278,0.278,78532.79999999999,47142.340000000004,"[{""step"": 2721, ""elapsed_ms"": 59658.5, ""overhead_ms"": 49400.9, ""checkpoint_ms_from_prev_iter"": 31390.46, ""corrected_overhead_ms"": 18010.440000000002, ""skipped"": 1, ""loss"": null}, {""step"": 2722, ""elapsed_ms"": 39369.6, ""overhead_ms"": 29112.0, ""checkpoint_ms_from_prev_iter"": 0.0, ""corrected_overhead_ms"": 29112.0, ""skipped"": 0, ""loss"": 3.206675}, {""step"": 2723, ""elapsed_ms"": 10277.5, ""overhead_ms"": 19.899999999999636, ""checkpoint_ms_from_prev_iter"": 0.0, ""corrected_overhead_ms"": 19.899999999999636, ""skipped"": 0, ""loss"": 3.261748}]"
37,2761,58,restart_in_place,61.834,61.834,81054.90000000001,48602.11,"[{""step"": 2761, ""elapsed_ms"": 78490.6, ""overhead_ms"": 68233.0, ""checkpoint_ms_from_prev_iter"": 32452.79, ""corrected_overhead_ms"": 35780.21, ""skipped"": 1, ""loss"": null}, {""step"": 2762, ""elapsed_ms"": 22893.4, ""overhead_ms"": 12635.800000000001, ""checkpoint_ms_from_prev_iter"": 0.0, ""corrected_overhead_ms"": 12635.800000000001, ""skipped"": 0, ""loss"": 3.263019}, {""step"": 2763, ""elapsed_ms"": 10443.7, ""overhead_ms"": 186.10000000000036, ""checkpoint_ms_from_prev_iter"": 0.0, ""corrected_overhead_ms"": 186.10000000000036, ""skipped"": 0, ""loss"": 3.193595}]"
38,2801,15,restart_in_place,0.253,0.252,84746.50000000001,51910.86,"[{""step"": 2801, ""elapsed_ms"": 70640.3, ""overhead_ms"": 60382.700000000004, ""checkpoint_ms_from_prev_iter"": 32835.64, ""corrected_overhead_ms"": 27547.060000000005, ""skipped"": 1, ""loss"": null}, {""step"": 2802, ""elapsed_ms"": 34620.1, ""overhead_ms"": 24362.5, ""checkpoint_ms_from_prev_iter"": 0.0, ""corrected_overhead_ms"": 24362.5, ""skipped"": 0, ""loss"": 3.220816}, {""step"": 2803, ""elapsed_ms"": 10258.9, ""overhead_ms"": 1.2999999999992724, ""checkpoint_ms_from_prev_iter"": 0.0, ""corrected_overhead_ms"": 1.2999999999992724, ""skipped"": 0, ""loss"": 3.176399}]"
39,2841,48,restart_in_place,0.249,0.249,44887.5,12565.24,"[{""step"": 2841, ""elapsed_ms"": 55099.6, ""overhead_ms"": 44842.0, ""checkpoint_ms_from_prev_iter"": 32322.26, ""corrected_overhead_ms"": 12519.740000000002, ""skipped"": 1, ""loss"": null}, {""step"": 2842, ""elapsed_ms"": 10289.3, ""overhead_ms"": 31.69999999999891, ""checkpoint_ms_from_prev_iter"": 0.0, ""corrected_overhead_ms"": 31.69999999999891, ""skipped"": 0, ""loss"": 3.130872}, {""step"": 2843, ""elapsed_ms"": 10271.4, ""overhead_ms"": 13.799999999999272, ""checkpoint_ms_from_prev_iter"": 0.0, ""corrected_overhead_ms"": 13.799999999999272, ""skipped"": 0, ""loss"": 3.168891}]"
40,2881,10,restart_in_place,0.251,0.25,66955.3,35283.6,"[{""step"": 2881, ""elapsed_ms"": 66444.3, ""overhead_ms"": 56186.700000000004, ""checkpoint_ms_from_prev_iter"": 31671.7, ""corrected_overhead_ms"": 24515.000000000004, ""skipped"": 1, ""loss"": null}, {""step"": 2882, ""elapsed_ms"": 21024.5, ""overhead_ms"": 10766.9, ""checkpoint_ms_from_prev_iter"": 0.0, ""corrected_overhead_ms"": 10766.9, ""skipped"": 0, ""loss"": 3.205836}, {""step"": 2883, ""elapsed_ms"": 10259.3, ""overhead_ms"": 1.6999999999989086, ""checkpoint_ms_from_prev_iter"": 0.0, ""corrected_overhead_ms"": 1.6999999999989086, ""skipped"": 0, ""loss"": 3.166548}]"
41,2921,37,restart_in_place,0.278,0.278,61193.3,30375.270000000004,"[{""step"": 2921, ""elapsed_ms"": 57287.8, ""overhead_ms"": 47030.200000000004, ""checkpoint_ms_from_prev_iter"": 30818.03, ""corrected_overhead_ms"": 16212.170000000006, ""skipped"": 1, ""loss"": null}, {""step"": 2922, ""elapsed_ms"": 24388.1, ""overhead_ms"": 14130.499999999998, ""checkpoint_ms_from_prev_iter"": 0.0, ""corrected_overhead_ms"": 14130.499999999998, ""skipped"": 0, ""loss"": 3.160185}, {""step"": 2923, ""elapsed_ms"": 10290.2, ""overhead_ms"": 32.600000000000364, ""checkpoint_ms_from_prev_iter"": 0.0, ""corrected_overhead_ms"": 32.600000000000364, ""skipped"": 0, ""loss"": 3.167139}]"
42,2961,46,restart_in_place,0.347,0.347,73739.5,40927.729999999996,"[{""step"": 2961, ""elapsed_ms"": 71427.7, ""overhead_ms"": 61170.1, ""checkpoint_ms_from_prev_iter"": 32811.77, ""corrected_overhead_ms"": 28358.33, ""skipped"": 1, ""loss"": null}, {""step"": 2962, ""elapsed_ms"": 22821.7, ""overhead_ms"": 12564.1, ""checkpoint_ms_from_prev_iter"": 0.0, ""corrected_overhead_ms"": 12564.1, ""skipped"": 0, ""loss"": 3.17675}, {""step"": 2963, ""elapsed_ms"": 10262.9, ""overhead_ms"": 5.299999999999272, ""checkpoint_ms_from_prev_iter"": 0.0, ""corrected_overhead_ms"": 5.299999999999272, ""skipped"": 0, ""loss"": 3.279747}]"
43,3001,24,restart_in_place,0.263,0.263,86736.9,54549.829999999994,"[{""step"": 3001, ""elapsed_ms"": 78199.0, ""overhead_ms"": 67941.4, ""checkpoint_ms_from_prev_iter"": 32187.07, ""corrected_overhead_ms"": 35754.329999999994, ""skipped"": 1, ""loss"": null}, {""step"": 3002, ""elapsed_ms"": 28877.6, ""overhead_ms"": 18620.0, ""checkpoint_ms_from_prev_iter"": 0.0, ""corrected_overhead_ms"": 18620.0, ""skipped"": 0, ""loss"": 3.190563}, {""step"": 3003, ""elapsed_ms"": 10433.1, ""overhead_ms"": 175.5, ""checkpoint_ms_from_prev_iter"": 0.0, ""corrected_overhead_ms"": 175.5, ""skipped"": 0, ""loss"": 3.1615}]"
44,3041,8,restart_in_place,0.28,0.279,71205.2,36626.380000000005,"[{""step"": 3041, ""elapsed_ms"": 66853.5, ""overhead_ms"": 56595.9, ""checkpoint_ms_from_prev_iter"": 34578.82, ""corrected_overhead_ms"": 22017.08, ""skipped"": 1, ""loss"": null}, {""step"": 3042, ""elapsed_ms"": 24748.6, ""overhead_ms"": 14490.999999999998, ""checkpoint_ms_from_prev_iter"": 0.0, ""corrected_overhead_ms"": 14490.999999999998, ""skipped"": 0, ""loss"": 3.186731}, {""step"": 3043, ""elapsed_ms"": 10375.9, ""overhead_ms"": 118.29999999999927, ""checkpoint_ms_from_prev_iter"": 0.0, ""corrected_overhead_ms"": 118.29999999999927, ""skipped"": 0, ""loss"": 3.198681}]"
45,3081,5,restart_in_place,0.217,0.216,61054.7,28142.269999999997,"[{""step"": 3081, ""elapsed_ms"": 43611.5, ""overhead_ms"": 33353.9, ""checkpoint_ms_from_prev_iter"": 32912.43, ""corrected_overhead_ms"": 441.47000000000116, ""skipped"": 1, ""loss"": null}, {""step"": 3082, ""elapsed_ms"": 37957.7, ""overhead_ms"": 27700.1, ""checkpoint_ms_from_prev_iter"": 0.0, ""corrected_overhead_ms"": 27700.1, ""skipped"": 0, ""loss"": 3.2015}, {""step"": 3083, ""elapsed_ms"": 10258.3, ""overhead_ms"": 0.6999999999989086, ""checkpoint_ms_from_prev_iter"": 0.0, ""corrected_overhead_ms"": 0.6999999999989086, ""skipped"": 0, ""loss"": 3.167745}]"
46,3121,29,restart_in_place,0.348,0.348,46064.8,12403.030000000002,"[{""step"": 3121, ""elapsed_ms"": 56168.6, ""overhead_ms"": 45911.0, ""checkpoint_ms_from_prev_iter"": 33661.77, ""corrected_overhead_ms"": 12249.230000000003, ""skipped"": 1, ""loss"": null}, {""step"": 3122, ""elapsed_ms"": 10241.6, ""overhead_ms"": 0.0, ""checkpoint_ms_from_prev_iter"": 0.0, ""corrected_overhead_ms"": 0.0, ""skipped"": 0, ""loss"": 3.187989}, {""step"": 3123, ""elapsed_ms"": 10411.4, ""overhead_ms"": 153.79999999999927, ""checkpoint_ms_from_prev_iter"": 0.0, ""corrected_overhead_ms"": 153.79999999999927, ""skipped"": 0, ""loss"": 3.141005}]"
47,3161,37,restart_in_place,0.354,0.354,61409.100000000006,28763.22000000001,"[{""step"": 3161, ""elapsed_ms"": 71658.6, ""overhead_ms"": 61401.00000000001, ""checkpoint_ms_from_prev_iter"": 32645.88, ""corrected_overhead_ms"": 28755.120000000006, ""skipped"": 1, ""loss"": null}, {""step"": 3162, ""elapsed_ms"": 10250.0, ""overhead_ms"": 0.0, ""checkpoint_ms_from_prev_iter"": 0.0, ""corrected_overhead_ms"": 0.0, ""skipped"": 0, ""loss"": 3.208659}, {""step"": 3163, ""elapsed_ms"": 10265.7, ""overhead_ms"": 8.100000000000364, ""checkpoint_ms_from_prev_iter"": 0.0, ""corrected_overhead_ms"": 8.100000000000364, ""skipped"": 0, ""loss"": 3.171979}]"
48,3201,10,restart_in_place,0.277,0.277,44331.600000000006,13080.500000000007,"[{""step"": 3201, ""elapsed_ms"": 43367.8, ""overhead_ms"": 33110.200000000004, ""checkpoint_ms_from_prev_iter"": 31251.1, ""corrected_overhead_ms"": 1859.1000000000058, ""skipped"": 1, ""loss"": null}, {""step"": 3202, ""elapsed_ms"": 21464.9, ""overhead_ms"": 11207.300000000001, ""checkpoint_ms_from_prev_iter"": 0.0, ""corrected_overhead_ms"": 11207.300000000001, ""skipped"": 0, ""loss"": 3.113945}, {""step"": 3203, ""elapsed_ms"": 10271.7, ""overhead_ms"": 14.100000000000364, ""checkpoint_ms_from_prev_iter"": 0.0, ""corrected_overhead_ms"": 14.100000000000364, ""skipped"": 0, ""loss"": 3.063006}]"
49,3241,29,restart_in_place,0.245,0.245,44132.6,11963.64,"[{""step"": 3241, ""elapsed_ms"": 54390.2, ""overhead_ms"": 44132.6, ""checkpoint_ms_from_prev_iter"": 32168.96, ""corrected_overhead_ms"": 11963.64, ""skipped"": 1, ""loss"": null}, {""step"": 3242, ""elapsed_ms"": 10241.2, ""overhead_ms"": 0.0, ""checkpoint_ms_from_prev_iter"": 0.0, ""corrected_overhead_ms"": 0.0, ""skipped"": 0, ""loss"": 3.181457}, {""step"": 3243, ""elapsed_ms"": 10245.1, ""overhead_ms"": 0.0, ""checkpoint_ms_from_prev_iter"": 0.0, ""corrected_overhead_ms"": 0.0, ""skipped"": 0, ""loss"": 3.111933}]"
50,3281,12,restart_in_place,0.399,0.399,54746.09999999999,22809.239999999998,"[{""step"": 3281, ""elapsed_ms"": 64988.2, ""overhead_ms"": 54730.6, ""checkpoint_ms_from_prev_iter"": 31936.86, ""corrected_overhead_ms"": 22793.739999999998, ""skipped"": 1, ""loss"": null}, {""step"": 3282, ""elapsed_ms"": 10268.4, ""overhead_ms"": 10.799999999999272, ""checkpoint_ms_from_prev_iter"": 0.0, ""corrected_overhead_ms"": 10.799999999999272, ""skipped"": 0, ""loss"": 3.185062}, {""step"": 3283, ""elapsed_ms"": 10262.3, ""overhead_ms"": 4.699999999998909, ""checkpoint_ms_from_prev_iter"": 0.0, ""corrected_overhead_ms"": 4.699999999998909, ""skipped"": 0, ""loss"": 3.184147}]"
51,3321,48,restart_in_place,0.297,0.296,41942.8,9562.590000000006,"[{""step"": 3321, ""elapsed_ms"": 52040.8, ""overhead_ms"": 41783.200000000004, ""checkpoint_ms_from_prev_iter"": 32380.21, ""corrected_overhead_ms"": 9402.990000000005, ""skipped"": 1, ""loss"": null}, {""step"": 3322, ""elapsed_ms"": 10247.7, ""overhead_ms"": 0.0, ""checkpoint_ms_from_prev_iter"": 0.0, ""corrected_overhead_ms"": 0.0, ""skipped"": 0, ""loss"": 3.214459}, {""step"": 3323, ""elapsed_ms"": 10417.2, ""overhead_ms"": 159.60000000000036, ""checkpoint_ms_from_prev_iter"": 0.0, ""corrected_overhead_ms"": 159.60000000000036, ""skipped"": 0, ""loss"": 3.218143}]"
52,3361,35,restart_in_place,0.318,0.318,45999.09999999999,13368.889999999998,"[{""step"": 3361, ""elapsed_ms"": 56075.7, ""overhead_ms"": 45818.1, ""checkpoint_ms_from_prev_iter"": 32630.21, ""corrected_overhead_ms"": 13187.89, ""skipped"": 1, ""loss"": null}, {""step"": 3362, ""elapsed_ms"": 10278.3, ""overhead_ms"": 20.69999999999891, ""checkpoint_ms_from_prev_iter"": 0.0, ""corrected_overhead_ms"": 20.69999999999891, ""skipped"": 0, ""loss"": 3.185854}, {""step"": 3363, ""elapsed_ms"": 10417.9, ""overhead_ms"": 160.29999999999927, ""checkpoint_ms_from_prev_iter"": 0.0, ""corrected_overhead_ms"": 160.29999999999927, ""skipped"": 0, ""loss"": 3.051738}]"
53,3401,58,restart_in_place,39.418,39.418,58505.200000000004,25236.640000000007,"[{""step"": 3401, ""elapsed_ms"": 62499.5, ""overhead_ms"": 52241.9, ""checkpoint_ms_from_prev_iter"": 33268.56, ""corrected_overhead_ms"": 18973.340000000004, ""skipped"": 1, ""loss"": null}, {""step"": 3402, ""elapsed_ms"": 16520.9, ""overhead_ms"": 6263.300000000001, ""checkpoint_ms_from_prev_iter"": 0.0, ""corrected_overhead_ms"": 6263.300000000001, ""skipped"": 0, ""loss"": 3.160052}, {""step"": 3403, ""elapsed_ms"": 10252.3, ""overhead_ms"": 0.0, ""checkpoint_ms_from_prev_iter"": 0.0, ""corrected_overhead_ms"": 0.0, ""skipped"": 0, ""loss"": 3.214091}]"
54,3441,46,restart_in_place,0.46,0.46,39574.1,7953.999999999998,"[{""step"": 3441, ""elapsed_ms"": 41877.7, ""overhead_ms"": 31620.1, ""checkpoint_ms_from_prev_iter"": 32844.34, ""corrected_overhead_ms"": 0.0, ""skipped"": 1, ""loss"": null}, {""step"": 3442, ""elapsed_ms"": 18211.6, ""overhead_ms"": 7953.999999999998, ""checkpoint_ms_from_prev_iter"": 0.0, ""corrected_overhead_ms"": 7953.999999999998, ""skipped"": 0, ""loss"": 3.025574}, {""step"": 3443, ""elapsed_ms"": 10256.0, ""overhead_ms"": 0.0, ""checkpoint_ms_from_prev_iter"": 0.0, ""corrected_overhead_ms"": 0.0, ""skipped"": 0, ""loss"": 3.094027}]"
55,3481,20,restart_in_place,0.306,0.306,47007.700000000004,14588.380000000005,"[{""step"": 3481, ""elapsed_ms"": 57265.3, ""overhead_ms"": 47007.700000000004, ""checkpoint_ms_from_prev_iter"": 32419.32, ""corrected_overhead_ms"": 14588.380000000005, ""skipped"": 1, ""loss"": null}, {""step"": 3482, ""elapsed_ms"": 10257.2, ""overhead_ms"": 0.0, ""checkpoint_ms_from_prev_iter"": 0.0, ""corrected_overhead_ms"": 0.0, ""skipped"": 0, ""loss"": 3.139348}, {""step"": 3483, ""elapsed_ms"": 10234.4, ""overhead_ms"": 0.0, ""checkpoint_ms_from_prev_iter"": 0.0, ""corrected_overhead_ms"": 0.0, ""skipped"": 0, ""loss"": 3.166612}]"
56,3521,47,restart_in_place,0.403,0.403,67048.90000000001,34480.75,"[{""step"": 3521, ""elapsed_ms"": 71226.0, ""overhead_ms"": 60968.4, ""checkpoint_ms_from_prev_iter"": 32568.15, ""corrected_overhead_ms"": 28400.25, ""skipped"": 1, ""loss"": null}, {""step"": 3522, ""elapsed_ms"": 16335.5, ""overhead_ms"": 6077.9, ""checkpoint_ms_from_prev_iter"": 0.0, ""corrected_overhead_ms"": 6077.9, ""skipped"": 0, ""loss"": 3.109417}, {""step"": 3523, ""elapsed_ms"": 10260.2, ""overhead_ms"": 2.600000000000364, ""checkpoint_ms_from_prev_iter"": 0.0, ""corrected_overhead_ms"": 2.600000000000364, ""skipped"": 0, ""loss"": 3.141921}]"
57,3561,45,restart_in_place,0.344,0.343,31250.2,135.29999999999927,"[{""step"": 3561, ""elapsed_ms"": 41372.5, ""overhead_ms"": 31114.9, ""checkpoint_ms_from_prev_iter"": 31273.3, ""corrected_overhead_ms"": 0.0, ""skipped"": 1, ""loss"": null}, {""step"": 3562, ""elapsed_ms"": 10392.9, ""overhead_ms"": 135.29999999999927, ""checkpoint_ms_from_prev_iter"": 0.0, ""corrected_overhead_ms"": 135.29999999999927, ""skipped"": 0, ""loss"": 3.017524}, {""step"": 3563, ""elapsed_ms"": 10249.7, ""overhead_ms"": 0.0, ""checkpoint_ms_from_prev_iter"": 0.0, ""corrected_overhead_ms"": 0.0, ""skipped"": 0, ""loss"": 3.122619}]"
58,3601,26,restart_in_place,0.181,0.181,65063.899999999994,32290.26,"[{""step"": 3601, ""elapsed_ms"": 62824.0, ""overhead_ms"": 52566.4, ""checkpoint_ms_from_prev_iter"": 32773.64, ""corrected_overhead_ms"": 19792.760000000002, ""skipped"": 1, ""loss"": null}, {""step"": 3602, ""elapsed_ms"": 22702.3, ""overhead_ms"": 12444.699999999999, ""checkpoint_ms_from_prev_iter"": 0.0, ""corrected_overhead_ms"": 12444.699999999999, ""skipped"": 0, ""loss"": 3.119094}, {""step"": 3603, ""elapsed_ms"": 10310.4, ""overhead_ms"": 52.79999999999927, ""checkpoint_ms_from_prev_iter"": 0.0, ""corrected_overhead_ms"": 52.79999999999927, ""skipped"": 0, ""loss"": 3.089233}]"
59,3641,34,restart_in_place,0.217,0.217,55221.3,21987.79,"[{""step"": 3641, ""elapsed_ms"": 45767.4, ""overhead_ms"": 35509.8, ""checkpoint_ms_from_prev_iter"": 33233.51, ""corrected_overhead_ms"": 2276.290000000001, ""skipped"": 1, ""loss"": null}, {""step"": 3642, ""elapsed_ms"": 29966.5, ""overhead_ms"": 19708.9, ""checkpoint_ms_from_prev_iter"": 0.0, ""corrected_overhead_ms"": 19708.9, ""skipped"": 0, ""loss"": 2.998719}, {""step"": 3643, ""elapsed_ms"": 10260.2, ""overhead_ms"": 2.600000000000364, ""checkpoint_ms_from_prev_iter"": 0.0, ""corrected_overhead_ms"": 2.600000000000364, ""skipped"": 0, ""loss"": 3.098195}]"
60,3681,9,restart_in_place,0.19,0.189,55270.100000000006,21470.94,"[{""step"": 3681, ""elapsed_ms"": 44454.1, ""overhead_ms"": 34196.5, ""checkpoint_ms_from_prev_iter"": 33799.16, ""corrected_overhead_ms"": 397.3399999999965, ""skipped"": 1, ""loss"": null}, {""step"": 3682, ""elapsed_ms"": 31327.9, ""overhead_ms"": 21070.300000000003, ""checkpoint_ms_from_prev_iter"": 0.0, ""corrected_overhead_ms"": 21070.300000000003, ""skipped"": 0, ""loss"": 3.146875}, {""step"": 3683, ""elapsed_ms"": 10260.9, ""overhead_ms"": 3.2999999999992724, ""checkpoint_ms_from_prev_iter"": 0.0, ""corrected_overhead_ms"": 3.2999999999992724, ""skipped"": 0, ""loss"": 3.085687}]"
61,3721,21,restart_in_place,0.244,0.243,57665.5,24520.050000000003,"[{""step"": 3721, ""elapsed_ms"": 51191.9, ""overhead_ms"": 40934.3, ""checkpoint_ms_from_prev_iter"": 33145.45, ""corrected_overhead_ms"": 7788.850000000006, ""skipped"": 1, ""loss"": null}, {""step"": 3722, ""elapsed_ms"": 26986.1, ""overhead_ms"": 16728.5, ""checkpoint_ms_from_prev_iter"": 0.0, ""corrected_overhead_ms"": 16728.5, ""skipped"": 0, ""loss"": 3.043369}, {""step"": 3723, ""elapsed_ms"": 10260.3, ""overhead_ms"": 2.6999999999989086, ""checkpoint_ms_from_prev_iter"": 0.0, ""corrected_overhead_ms"": 2.6999999999989086, ""skipped"": 0, ""loss"": 3.036871}]"
62,3761,31,restart_in_place,0.202,0.202,47686.4,15192.980000000003,"[{""step"": 3761, ""elapsed_ms"": 45810.1, ""overhead_ms"": 35552.5, ""checkpoint_ms_from_prev_iter"": 32493.42, ""corrected_overhead_ms"": 3059.0800000000017, ""skipped"": 1, ""loss"": null}, {""step"": 3762, ""elapsed_ms"": 22384.9, ""overhead_ms"": 12127.300000000001, ""checkpoint_ms_from_prev_iter"": 0.0, ""corrected_overhead_ms"": 12127.300000000001, ""skipped"": 0, ""loss"": 3.041309}, {""step"": 3763, ""elapsed_ms"": 10264.2, ""overhead_ms"": 6.600000000000364, ""checkpoint_ms_from_prev_iter"": 0.0, ""corrected_overhead_ms"": 6.600000000000364, ""skipped"": 0, ""loss"": 3.192822}]"
63,3801,20,restart_in_place,0.276,0.276,63542.9,30597.5,"[{""step"": 3801, ""elapsed_ms"": 43203.0, ""overhead_ms"": 32945.4, ""checkpoint_ms_from_prev_iter"": 33211.96, ""corrected_overhead_ms"": 0.0, ""skipped"": 1, ""loss"": null}, {""step"": 3802, ""elapsed_ms"": 40855.1, ""overhead_ms"": 30597.5, ""checkpoint_ms_from_prev_iter"": 0.0, ""corrected_overhead_ms"": 30597.5, ""skipped"": 0, ""loss"": 3.044912}, {""step"": 3803, ""elapsed_ms"": 10220.9, ""overhead_ms"": 0.0, ""checkpoint_ms_from_prev_iter"": 0.0, ""corrected_overhead_ms"": 0.0, ""skipped"": 0, ""loss"": 3.077866}]"
64,3841,59,restart_in_place,25.762,25.761,80312.4,47918.509999999995,"[{""step"": 3841, ""elapsed_ms"": 63064.7, ""overhead_ms"": 52807.1, ""checkpoint_ms_from_prev_iter"": 32393.89, ""corrected_overhead_ms"": 20413.21, ""skipped"": 1, ""loss"": null}, {""step"": 3842, ""elapsed_ms"": 37623.2, ""overhead_ms"": 27365.6, ""checkpoint_ms_from_prev_iter"": 0.0, ""corrected_overhead_ms"": 27365.6, ""skipped"": 0, ""loss"": 3.040539}, {""step"": 3843, ""elapsed_ms"": 10397.3, ""overhead_ms"": 139.6999999999989, ""checkpoint_ms_from_prev_iter"": 0.0, ""corrected_overhead_ms"": 139.6999999999989, ""skipped"": 0, ""loss"": 3.091762}]"
65,3881,48,restart_in_place,0.295,0.294,34412.899999999994,14.399999999999636,"[{""step"": 3881, ""elapsed_ms"": 44656.1, ""overhead_ms"": 34398.5, ""checkpoint_ms_from_prev_iter"": 34496.86, ""corrected_overhead_ms"": 0.0, ""skipped"": 1, ""loss"": null}, {""step"": 3882, ""elapsed_ms"": 10261.7, ""overhead_ms"": 4.100000000000364, ""checkpoint_ms_from_prev_iter"": 0.0, ""corrected_overhead_ms"": 4.100000000000364, ""skipped"": 0, ""loss"": 3.079868}, {""step"": 3883, ""elapsed_ms"": 10267.9, ""overhead_ms"": 10.299999999999272, ""checkpoint_ms_from_prev_iter"": 0.0, ""corrected_overhead_ms"": 10.299999999999272, ""skipped"": 0, ""loss"": 3.034152}]"
66,3921,34,restart_in_place,0.325,0.324,83085.4,48482.61,"[{""step"": 3921, ""elapsed_ms"": 84515.6, ""overhead_ms"": 74258.0, ""checkpoint_ms_from_prev_iter"": 34602.79, ""corrected_overhead_ms"": 39655.21, ""skipped"": 1, ""loss"": null}, {""step"": 3922, ""elapsed_ms"": 19085.0, ""overhead_ms"": 8827.4, ""checkpoint_ms_from_prev_iter"": 0.0, ""corrected_overhead_ms"": 8827.4, ""skipped"": 0, ""loss"": 3.137285}, {""step"": 3923, ""elapsed_ms"": 10242.9, ""overhead_ms"": 0.0, ""checkpoint_ms_from_prev_iter"": 0.0, ""corrected_overhead_ms"": 0.0, ""skipped"": 0, ""loss"": 3.08899}]"
67,3961,28,restart_in_place,0.36,0.36,53024.600000000006,20018.340000000004,"[{""step"": 3961, ""elapsed_ms"": 49871.8, ""overhead_ms"": 39614.200000000004, ""checkpoint_ms_from_prev_iter"": 33006.26, ""corrected_overhead_ms"": 6607.940000000002, ""skipped"": 1, ""loss"": null}, {""step"": 3962, ""elapsed_ms"": 23634.4, ""overhead_ms"": 13376.800000000001, ""checkpoint_ms_from_prev_iter"": 0.0, ""corrected_overhead_ms"": 13376.800000000001, ""skipped"": 0, ""loss"": 3.204884}, {""step"": 3963, ""elapsed_ms"": 10291.2, ""overhead_ms"": 33.600000000000364, ""checkpoint_ms_from_prev_iter"": 0.0, ""corrected_overhead_ms"": 33.600000000000364, ""skipped"": 0, ""loss"": 3.067325}]"
68,4001,41,restart_in_place,0.355,0.354,63913.200000000004,30322.880000000005,"[{""step"": 4001, ""elapsed_ms"": 60389.0, ""overhead_ms"": 50131.4, ""checkpoint_ms_from_prev_iter"": 33590.32, ""corrected_overhead_ms"": 16541.08, ""skipped"": 1, ""loss"": null}, {""step"": 4002, ""elapsed_ms"": 24039.4, ""overhead_ms"": 13781.800000000001, ""checkpoint_ms_from_prev_iter"": 0.0, ""corrected_overhead_ms"": 13781.800000000001, ""skipped"": 0, ""loss"": 2.974396}, {""step"": 4003, ""elapsed_ms"": 10239.6, ""overhead_ms"": 0.0, ""checkpoint_ms_from_prev_iter"": 0.0, ""corrected_overhead_ms"": 0.0, ""skipped"": 0, ""loss"": 3.034081}]"
69,4041,7,restart_in_place,0.298,0.297,77975.1,45945.25,"[{""step"": 4041, ""elapsed_ms"": 62430.5, ""overhead_ms"": 52172.9, ""checkpoint_ms_from_prev_iter"": 32029.85, ""corrected_overhead_ms"": 20143.050000000003, ""skipped"": 1, ""loss"": null}, {""step"": 4042, ""elapsed_ms"": 36054.2, ""overhead_ms"": 25796.6, ""checkpoint_ms_from_prev_iter"": 0.0, ""corrected_overhead_ms"": 25796.6, ""skipped"": 0, ""loss"": 3.082911}, {""step"": 4043, ""elapsed_ms"": 10263.2, ""overhead_ms"": 5.600000000000364, ""checkpoint_ms_from_prev_iter"": 0.0, ""corrected_overhead_ms"": 5.600000000000364, ""skipped"": 0, ""loss"": 3.057939}]"
70,4081,29,restart_in_place,0.354,0.353,66231.8,34433.100000000006,"[{""step"": 4081, ""elapsed_ms"": 57344.1, ""overhead_ms"": 47086.5, ""checkpoint_ms_from_prev_iter"": 31798.7, ""corrected_overhead_ms"": 15287.8, ""skipped"": 1, ""loss"": null}, {""step"": 4082, ""elapsed_ms"": 29402.9, ""overhead_ms"": 19145.300000000003, ""checkpoint_ms_from_prev_iter"": 0.0, ""corrected_overhead_ms"": 19145.300000000003, ""skipped"": 0, ""loss"": 3.081117}, {""step"": 4083, ""elapsed_ms"": 10250.6, ""overhead_ms"": 0.0, ""checkpoint_ms_from_prev_iter"": 0.0, ""corrected_overhead_ms"": 0.0, ""skipped"": 0, ""loss"": 2.990709}]"
71,4121,4,restart_in_place,0.307,0.306,34703.1,1342.689999999995,"[{""step"": 4121, ""elapsed_ms"": 44960.7, ""overhead_ms"": 34703.1, ""checkpoint_ms_from_prev_iter"": 33360.41, ""corrected_overhead_ms"": 1342.689999999995, ""skipped"": 1, ""loss"": null}, {""step"": 4122, ""elapsed_ms"": 10230.7, ""overhead_ms"": 0.0, ""checkpoint_ms_from_prev_iter"": 0.0, ""corrected_overhead_ms"": 0.0, ""skipped"": 0, ""loss"": 3.047751}, {""step"": 4123, ""elapsed_ms"": 10245.3, ""overhead_ms"": 0.0, ""checkpoint_ms_from_prev_iter"": 0.0, ""corrected_overhead_ms"": 0.0, ""skipped"": 0, ""loss"": 3.090622}]"
72,4161,40,restart_in_place,0.226,0.226,70261.5,37455.56999999999,"[{""step"": 4161, ""elapsed_ms"": 69247.4, ""overhead_ms"": 58989.799999999996, ""checkpoint_ms_from_prev_iter"": 32805.93, ""corrected_overhead_ms"": 26183.869999999995, ""skipped"": 1, ""loss"": null}, {""step"": 4162, ""elapsed_ms"": 21529.3, ""overhead_ms"": 11271.699999999999, ""checkpoint_ms_from_prev_iter"": 0.0, ""corrected_overhead_ms"": 11271.699999999999, ""skipped"": 0, ""loss"": 3.040585}, {""step"": 4163, ""elapsed_ms"": 10253.3, ""overhead_ms"": 0.0, ""checkpoint_ms_from_prev_iter"": 0.0, ""corrected_overhead_ms"": 0.0, ""skipped"": 0, ""loss"": 2.962084}]"
73,4201,51,restart_in_place,0.296,0.295,74768.6,40649.65,"[{""step"": 4201, ""elapsed_ms"": 66676.5, ""overhead_ms"": 56418.9, ""checkpoint_ms_from_prev_iter"": 34118.95, ""corrected_overhead_ms"": 22299.950000000004, ""skipped"": 1, ""loss"": null}, {""step"": 4202, ""elapsed_ms"": 28607.3, ""overhead_ms"": 18349.699999999997, ""checkpoint_ms_from_prev_iter"": 0.0, ""corrected_overhead_ms"": 18349.699999999997, ""skipped"": 0, ""loss"": 3.114111}, {""step"": 4203, ""elapsed_ms"": 10242.3, ""overhead_ms"": 0.0, ""checkpoint_ms_from_prev_iter"": 0.0, ""corrected_overhead_ms"": 0.0, ""skipped"": 0, ""loss"": 3.03715}]"
74,4241,34,restart_in_place,0.384,0.383,29866.200000000004,0.0,"[{""step"": 4241, ""elapsed_ms"": 40123.8, ""overhead_ms"": 29866.200000000004, ""checkpoint_ms_from_prev_iter"": 33292.69, ""corrected_overhead_ms"": 0.0, ""skipped"": 1, ""loss"": null}, {""step"": 4242, ""elapsed_ms"": 10256.3, ""overhead_ms"": 0.0, ""checkpoint_ms_from_prev_iter"": 0.0, ""corrected_overhead_ms"": 0.0, ""skipped"": 0, ""loss"": 3.049392}, {""step"": 4243, ""elapsed_ms"": 10249.8, ""overhead_ms"": 0.0, ""checkpoint_ms_from_prev_iter"": 0.0, ""corrected_overhead_ms"": 0.0, ""skipped"": 0, ""loss"": 3.060806}]"
75,4281,8,restart_in_place,0.302,0.302,35868.3,4054.1100000000024,"[{""step"": 4281, ""elapsed_ms"": 46065.4, ""overhead_ms"": 35807.8, ""checkpoint_ms_from_prev_iter"": 31814.19, ""corrected_overhead_ms"": 3993.610000000004, ""skipped"": 1, ""loss"": null}, {""step"": 4282, ""elapsed_ms"": 10287.8, ""overhead_ms"": 30.19999999999891, ""checkpoint_ms_from_prev_iter"": 0.0, ""corrected_overhead_ms"": 30.19999999999891, ""skipped"": 0, ""loss"": 3.129657}, {""step"": 4283, ""elapsed_ms"": 10287.9, ""overhead_ms"": 30.299999999999272, ""checkpoint_ms_from_prev_iter"": 0.0, ""corrected_overhead_ms"": 30.299999999999272, ""skipped"": 0, ""loss"": 3.01274}]"
76,4321,27,restart_in_place,0.287,0.287,45028.3,13934.150000000001,"[{""step"": 4321, ""elapsed_ms"": 55279.9, ""overhead_ms"": 45022.3, ""checkpoint_ms_from_prev_iter"": 31094.15, ""corrected_overhead_ms"": 13928.150000000001, ""skipped"": 1, ""loss"": null}, {""step"": 4322, ""elapsed_ms"": 10263.6, ""overhead_ms"": 6.0, ""checkpoint_ms_from_prev_iter"": 0.0, ""corrected_overhead_ms"": 6.0, ""skipped"": 0, ""loss"": 2.968349}, {""step"": 4323, ""elapsed_ms"": 10244.3, ""overhead_ms"": 0.0, ""checkpoint_ms_from_prev_iter"": 0.0, ""corrected_overhead_ms"": 0.0, ""skipped"": 0, ""loss"": 2.97416}]"
77,4361,40,restart_in_place,0.226,0.226,48141.8,16124.010000000002,"[{""step"": 4361, ""elapsed_ms"": 58383.9, ""overhead_ms"": 48126.3, ""checkpoint_ms_from_prev_iter"": 32017.79, ""corrected_overhead_ms"": 16108.510000000002, ""skipped"": 1, ""loss"": null}, {""step"": 4362, ""elapsed_ms"": 10234.6, ""overhead_ms"": 0.0, ""checkpoint_ms_from_prev_iter"": 0.0, ""corrected_overhead_ms"": 0.0, ""skipped"": 0, ""loss"": 3.039399}, {""step"": 4363, ""elapsed_ms"": 10273.1, ""overhead_ms"": 15.5, ""checkpoint_ms_from_prev_iter"": 0.0, ""corrected_overhead_ms"": 15.5, ""skipped"": 0, ""loss"": 2.836117}]"
78,4401,27,restart_in_place,0.379,0.379,39691.4,5139.120000000004,"[{""step"": 4401, ""elapsed_ms"": 49939.8, ""overhead_ms"": 39682.200000000004, ""checkpoint_ms_from_prev_iter"": 34552.28, ""corrected_overhead_ms"": 5129.9200000000055, ""skipped"": 1, ""loss"": null}, {""step"": 4402, ""elapsed_ms"": 10252.0, ""overhead_ms"": 0.0, ""checkpoint_ms_from_prev_iter"": 0.0, ""corrected_overhead_ms"": 0.0, ""skipped"": 0, ""loss"": 2.983479}, {""step"": 4403, ""elapsed_ms"": 10266.8, ""overhead_ms"": 9.199999999998909, ""checkpoint_ms_from_prev_iter"": 0.0, ""corrected_overhead_ms"": 9.199999999998909, ""skipped"": 0, ""loss"": 3.064172}]"
79,4441,63,restart_in_place,60.593,59.156,82999.79999999999,50603.57999999999,"[{""step"": 4441, ""elapsed_ms"": 81225.9, ""overhead_ms"": 70968.29999999999, ""checkpoint_ms_from_prev_iter"": 32396.22, ""corrected_overhead_ms"": 38572.07999999999, ""skipped"": 1, ""loss"": null}, {""step"": 4442, ""elapsed_ms"": 22150.2, ""overhead_ms"": 11892.6, ""checkpoint_ms_from_prev_iter"": 0.0, ""corrected_overhead_ms"": 11892.6, ""skipped"": 0, ""loss"": 2.967781}, {""step"": 4443, ""elapsed_ms"": 10396.5, ""overhead_ms"": 138.89999999999964, ""checkpoint_ms_from_prev_iter"": 0.0, ""corrected_overhead_ms"": 138.89999999999964, ""skipped"": 0, ""loss"": 2.967424}]"
80,4481,50,restart_in_place,0.456,0.455,91573.9,56854.02,"[{""step"": 4481, ""elapsed_ms"": 82939.7, ""overhead_ms"": 72682.09999999999, ""checkpoint_ms_from_prev_iter"": 34719.88, ""corrected_overhead_ms"": 37962.219999999994, ""skipped"": 1, ""loss"": null}, {""step"": 4482, ""elapsed_ms"": 29149.4, ""overhead_ms"": 18891.800000000003, ""checkpoint_ms_from_prev_iter"": 0.0, ""corrected_overhead_ms"": 18891.800000000003, ""skipped"": 0, ""loss"": 3.020318}, {""step"": 4483, ""elapsed_ms"": 10231.2, ""overhead_ms"": 0.0, ""checkpoint_ms_from_prev_iter"": 0.0, ""corrected_overhead_ms"": 0.0, ""skipped"": 0, ""loss"": 3.009616}]"
81,4521,58,restart_in_place,48.616,48.616,45308.200000000004,11034.850000000004,"[{""step"": 4521, ""elapsed_ms"": 55545.9, ""overhead_ms"": 45288.3, ""checkpoint_ms_from_prev_iter"": 34273.35, ""corrected_overhead_ms"": 11014.950000000004, ""skipped"": 1, ""loss"": null}, {""step"": 4522, ""elapsed_ms"": 10277.5, ""overhead_ms"": 19.899999999999636, ""checkpoint_ms_from_prev_iter"": 0.0, ""corrected_overhead_ms"": 19.899999999999636, ""skipped"": 0, ""loss"": 3.055733}, {""step"": 4523, ""elapsed_ms"": 10241.7, ""overhead_ms"": 0.0, ""checkpoint_ms_from_prev_iter"": 0.0, ""corrected_overhead_ms"": 0.0, ""skipped"": 0, ""loss"": 3.006342}]"
82,4561,18,restart_in_place,0.639,0.639,93266.7,60552.22999999999,"[{""step"": 4561, ""elapsed_ms"": 89132.5, ""overhead_ms"": 78874.9, ""checkpoint_ms_from_prev_iter"": 32714.47, ""corrected_overhead_ms"": 46160.42999999999, ""skipped"": 1, ""loss"": null}, {""step"": 4562, ""elapsed_ms"": 24512.8, ""overhead_ms"": 14255.199999999999, ""checkpoint_ms_from_prev_iter"": 0.0, ""corrected_overhead_ms"": 14255.199999999999, ""skipped"": 0, ""loss"": 3.031496}, {""step"": 4563, ""elapsed_ms"": 10394.2, ""overhead_ms"": 136.60000000000036, ""checkpoint_ms_from_prev_iter"": 0.0, ""corrected_overhead_ms"": 136.60000000000036, ""skipped"": 0, ""loss"": 3.119228}]"
83,4601,33,restart_in_place,0.549,0.548,66138.9,32044.109999999993,"[{""step"": 4601, ""elapsed_ms"": 69555.9, ""overhead_ms"": 59298.299999999996, ""checkpoint_ms_from_prev_iter"": 34094.79, ""corrected_overhead_ms"": 25203.509999999995, ""skipped"": 1, ""loss"": null}, {""step"": 4602, ""elapsed_ms"": 17098.2, ""overhead_ms"": 6840.6, ""checkpoint_ms_from_prev_iter"": 0.0, ""corrected_overhead_ms"": 6840.6, ""skipped"": 0, ""loss"": 2.968342}, {""step"": 4603, ""elapsed_ms"": 10224.5, ""overhead_ms"": 0.0, ""checkpoint_ms_from_prev_iter"": 0.0, ""corrected_overhead_ms"": 0.0, ""skipped"": 0, ""loss"": 3.035187}]"
84,4641,17,restart_in_place,0.681,0.68,41199.5,8114.440000000002,"[{""step"": 4641, ""elapsed_ms"": 51457.1, ""overhead_ms"": 41199.5, ""checkpoint_ms_from_prev_iter"": 33085.06, ""corrected_overhead_ms"": 8114.440000000002, ""skipped"": 1, ""loss"": null}, {""step"": 4642, ""elapsed_ms"": 10243.2, ""overhead_ms"": 0.0, ""checkpoint_ms_from_prev_iter"": 0.0, ""corrected_overhead_ms"": 0.0, ""skipped"": 0, ""loss"": 2.99609}, {""step"": 4643, ""elapsed_ms"": 10243.3, ""overhead_ms"": 0.0, ""checkpoint_ms_from_prev_iter"": 0.0, ""corrected_overhead_ms"": 0.0, ""skipped"": 0, ""loss"": 3.036772}]"
85,4681,31,restart_in_place,0.464,0.464,46176.200000000004,11105.300000000003,"[{""step"": 4681, ""elapsed_ms"": 56433.8, ""overhead_ms"": 46176.200000000004, ""checkpoint_ms_from_prev_iter"": 35070.9, ""corrected_overhead_ms"": 11105.300000000003, ""skipped"": 1, ""loss"": null}, {""step"": 4682, ""elapsed_ms"": 10249.3, ""overhead_ms"": 0.0, ""checkpoint_ms_from_prev_iter"": 0.0, ""corrected_overhead_ms"": 0.0, ""skipped"": 0, ""loss"": 2.959182}, {""step"": 4683, ""elapsed_ms"": 10234.8, ""overhead_ms"": 0.0, ""checkpoint_ms_from_prev_iter"": 0.0, ""corrected_overhead_ms"": 0.0, ""skipped"": 0, ""loss"": 3.076162}]"
