case_id,horizon,terminal_step,peak_relative_degradation,endpoint_relative_degradation,Y,within_pre_registered_budget,nofault_exact_baseline_replay,nofault_max_abs_relative_replay_drift,reference_policy,state_treatment,protocol_basis
s1000_g600_one_high_load,500,1500,0.0021622677565093793,0.0009611602445463644,,,False,0.00022687236099487403,whole_job_restart,hybrid_full_state,author_confirmed_rerun_2026_10_02
s1000_g800_two_balanced,500,1500,0.0022551882648012738,0.00016709765528017068,,,False,0.0007510546654996626,whole_job_restart,hybrid_full_state,author_confirmed_rerun_2026_10_02
s1000_g800_three_balanced,500,1500,0.0026856963464306797,0.0013857850424166057,,,False,0.0006055285053925252,whole_job_restart,hybrid_full_state,author_confirmed_rerun_2026_10_02
s1000_g800_four_balanced,500,1500,0.0035025132105270507,0.0006504960394565763,,,False,0.000873696511046971,whole_job_restart,hybrid_full_state,author_confirmed_rerun_2026_10_02
s5050_g50_one_high_load,500,5550,3.835588459577333e-05,1.906464660781617e-05,,,False,2.6368975318399383e-05,whole_job_restart,hybrid_full_state,author_confirmed_rerun_2026_10_02
s5050_g50_two_balanced,500,5550,3.684276785717877e-05,3.684276785717877e-05,,,False,3.306086674491876e-05,whole_job_restart,hybrid_full_state,author_confirmed_rerun_2026_10_02
s5050_g50_three_balanced,500,5550,3.700381702416912e-05,3.700381702416912e-05,,,False,3.748507032392249e-05,whole_job_restart,hybrid_full_state,author_confirmed_rerun_2026_10_02
s5050_g50_four_balanced,500,5550,1.640932844582022e-05,1.640932844582022e-05,,,False,2.710830192953193e-05,whole_job_restart,hybrid_full_state,author_confirmed_rerun_2026_10_02
s9050_g50_one_low_load,500,9550,2.2409259201474376e-05,1.0173083141047933e-05,,,False,1.00629245666262e-05,whole_job_restart,hybrid_full_state,author_confirmed_rerun_2026_10_02
s9050_g50_two_balanced,500,9550,8.73187415521237e-06,8.73187415521237e-06,,,False,1.276892108874417e-05,whole_job_restart,hybrid_full_state,author_confirmed_rerun_2026_10_02
s9050_g50_three_balanced,500,9550,1.6954983332403635e-07,1.6954983332403635e-07,,,False,1.1614298473058854e-05,whole_job_restart,hybrid_full_state,author_confirmed_rerun_2026_10_02
s9050_g50_four_balanced,500,9550,1.2377171409412245e-05,1.2377171409412245e-05,,,False,1.5231346381632892e-05,whole_job_restart,hybrid_full_state,author_confirmed_rerun_2026_10_02
s1000_g800_four_balanced,full,10000,0.0035012523048707548,8.38599930651949e-05,0.35012523048707545,True,False,0.0007357028155951603,whole_job_restart,hybrid_full_state,author_confirmed_rerun_2026_10_02
s5050_g50_one_high_load,full,10000,2.6289203775129663e-05,8.242397874990865e-06,0.002628920377512966,True,False,3.296850454183635e-05,whole_job_restart,hybrid_full_state,author_confirmed_rerun_2026_10_02
s9050_g50_one_low_load,full,10000,4.823327847432555e-06,9.516769056905181e-06,0.0019033538113810363,True,False,1.413130469851496e-05,whole_job_restart,hybrid_full_state,author_confirmed_rerun_2026_10_02
