calibrated_run_risk,case_id,eta_peak_fraction,expert_gap_steps,fault_step,num_experts,old_step,rank_count,ranks,reference_arm,reference_case,same_actual_sample_ids_proven,sampled_peak_positive_relative_increase,seed,step_500_signed_relative_loss_change,whole_run_Y,original_reference_arm,state_treatment,protocol_basis,numeric_basis
,s1050_g50_one_high_load,0.07173713087886871,50,1050,128,1000,1,60,restart,s1050_g50_one_high_load,False,0.0007173713087886871,1235,0.00017608271121977398,,nofault,hybrid_full_state,author_confirmed_rerun_2026_10_02,author_confirmed_unchanged_aggregate
,s5050_g50_one_high_load,0.0006947622671258698,50,5050,128,5000,1,19,restart,s5050_g50_one_high_load,False,6.947622671258699e-06,1235,-6.010308687840702e-05,,restart,hybrid_full_state,author_confirmed_rerun_2026_10_02,archived_restart_row_confirmed_by_author
,s9050_g50_one_high_load,0.00229721172098679,50,9050,128,9000,1,56,restart,s9050_g50_one_high_load,False,2.2972117209867903e-05,1235,2.2972117209867903e-05,,nofault,hybrid_full_state,author_confirmed_rerun_2026_10_02,author_confirmed_unchanged_aggregate
,s5050_g50_one_low_load,0.0,50,5050,128,5000,1,31,restart,s5050_g50_one_high_load,False,0,1235,-3.1141825520903506e-05,,nofault,hybrid_full_state,author_confirmed_rerun_2026_10_02,author_confirmed_unchanged_aggregate
,s5050_g50_four_balanced,0.0,50,5050,128,5000,4,"2,17,32,51",restart,s5050_g50_one_high_load,False,0,1235,-4.7116129803646755e-05,,nofault,hybrid_full_state,author_confirmed_rerun_2026_10_02,author_confirmed_unchanged_aggregate
,s1050_g50_one_high_load,0.3934773881885962,50,1050,64,1000,1,49,restart,s1050_g50_one_high_load,False,0.003934773881885962,1236,0.003934773881885962,,nofault,hybrid_full_state,author_confirmed_rerun_2026_10_02,author_confirmed_unchanged_aggregate
,s5050_g50_one_high_load,0.0006233659620127176,50,5050,64,5000,1,24,restart,s5050_g50_one_high_load,False,6.233659620127176e-06,1236,-2.132730867714028e-05,,restart,hybrid_full_state,author_confirmed_rerun_2026_10_02,archived_restart_row_confirmed_by_author
,s9050_g50_one_high_load,0.0008044380593702385,50,9050,64,9000,1,63,restart,s9050_g50_one_high_load,False,8.044380593702385e-06,1236,8.044380593702385e-06,,nofault,hybrid_full_state,author_confirmed_rerun_2026_10_02,author_confirmed_unchanged_aggregate
,s5050_g50_one_low_load,0.002325881792892701,50,5050,64,5000,1,8,restart,s5050_g50_one_high_load,False,2.3258817928927008e-05,1236,2.3258817928927008e-05,,nofault,hybrid_full_state,author_confirmed_rerun_2026_10_02,author_confirmed_unchanged_aggregate
,s5050_g50_four_balanced,0.004659811619670843,50,5050,64,5000,4,"2,19,38,53",restart,s5050_g50_one_high_load,False,4.6598116196708434e-05,1236,4.6598116196708434e-05,,nofault,hybrid_full_state,author_confirmed_rerun_2026_10_02,author_confirmed_unchanged_aggregate
