policy,step,reference_loss,hybrid_loss,signed_relative_degradation
single,8200,2.841332197189331,2.8411002159118652,-8.164524996242892e-05
single,8210,2.8417351245880127,2.841520309448242,-7.559294950181226e-05
single,8300,2.8390145301818848,2.838944911956787,-2.4521968576608896e-05
single,8700,2.82887601852417,2.8289034366607666,9.692236922770402e-06
single,9050,2.821226119995117,2.8212497234344482,8.36637629425306e-06
single,9060,2.8211357593536377,2.821160078048706,8.62017894308324e-06
single,9150,2.8194267749786377,2.8194501399993896,8.2871528919669e-06
single,9550,2.812342882156372,2.812418222427368,2.6789148461984968e-05
single,10000,2.805894136428833,2.8059353828430176,1.4699918164790842e-05
late,9050,2.8212432861328125,2.8211300373077393,-4.014146019589708e-05
late,9060,2.8211376667022705,2.8210480213165283,-3.177632442410272e-05
late,9150,2.8194024562835693,2.819425582885742,8.202660858619022e-06
late,9550,2.8123598098754883,2.8123672008514404,2.6280335560888485e-06
late,10000,2.8058762550354004,2.805908441543579,1.1471107509088941e-05
repeat_same,8200,2.841332197189331,2.8411002159118652,-8.164524996242892e-05
repeat_same,8210,2.8417351245880127,2.841520309448242,-7.559294950181226e-05
repeat_same,8300,2.8390145301818848,2.838944911956787,-2.4521968576608896e-05
repeat_same,8700,2.82887601852417,2.8289034366607666,9.692236922770402e-06
repeat_same,9050,2.821216344833374,2.8211565017700195,-2.1211795211694983e-05
repeat_same,9060,2.8211684226989746,2.821093797683716,-2.6451811475826846e-05
repeat_same,9150,2.819420099258423,2.8194568157196045,1.3022699664834609e-05
repeat_same,9550,2.8123269081115723,2.8124544620513916,4.535530327268609e-05
repeat_same,10000,2.8058691024780273,2.805954933166504,3.058969800150705e-05
repeat_other,8200,2.841332197189331,2.8411002159118652,-8.164524996242892e-05
repeat_other,8210,2.8417351245880127,2.841520309448242,-7.559294950181226e-05
repeat_other,8300,2.8390145301818848,2.838944911956787,-2.4521968576608896e-05
repeat_other,8700,2.82887601852417,2.8289034366607666,9.692236922770402e-06
repeat_other,9050,2.821216344833374,2.8212170600891113,2.535274328091034e-07
repeat_other,9060,2.8211684226989746,2.8211421966552734,-9.296163777447135e-06
repeat_other,9150,2.819420099258423,2.819453477859497,1.1838817877122372e-05
repeat_other,9550,2.8123269081115723,2.812436819076538,3.9081859455529505e-05
repeat_other,10000,2.8058691024780273,2.8059539794921875,3.0249812468156973e-05
